{
	"partitions" : [
		{
			"name" : "Top",
			"pins" : [
				{
					"name" : "pin_name1",
					"strict" : false
				},
				{
					"name" : "pin_name2",
					"strict" : false
				},
				{
					"name" : "pin_name3",
					"strict" : false
				},
				{
					"name" : "pin_name4",
					"strict" : false
				},
				{
					"name" : "TMDSn[2]",
					"strict" : false
				},
				{
					"name" : "TMDSn[1]",
					"strict" : false
				},
				{
					"name" : "TMDSn[0]",
					"strict" : false
				},
				{
					"name" : "TMDSp[2]",
					"strict" : false
				},
				{
					"name" : "TMDSp[1]",
					"strict" : false
				},
				{
					"name" : "TMDSp[0]",
					"strict" : false
				},
				{
					"name" : "clk",
					"strict" : false
				}
			]
		}
	]
}